0,86.97317,93.88653,96.52177
1,86.97317,93.91334,96.49533
2,86.962494,93.945694,96.48809
3,86.95892,93.95693,96.496414
4,86.93984,94.01913,96.486046
5,86.93439,93.99956,96.46571
6,86.945305,94.00266,96.41768
7,86.99409,93.91338,96.482765
8,86.96132,93.94403,96.44867
9,86.970314,93.97117,96.48514
10,86.96072,93.97328,96.43084
11,86.950134,93.96842,96.431465
12,86.95537,93.997505,96.435394
13,86.94942,93.99641,96.43656
14,86.95987,94.01295,96.42461
15,86.94393,94.0133,96.44071
16,86.988235,94.02744,96.43181
17,86.95448,93.97465,96.416016
18,86.92047,93.99245,96.44001
19,86.92019,93.97489,96.431915
20,86.92225,93.93153,96.42446
21,86.90324,93.93071,96.43802
22,86.94878,93.90521,96.437996
23,86.95764,93.9145,96.46307
24,86.971794,93.91265,96.46991
25,86.97126,93.918205,96.48774
26,86.98206,93.91162,96.454926
27,86.97994,93.920654,96.44543
28,86.96332,93.91561,96.47548
29,86.94145,93.88338,96.46667
30,86.94719,93.92775,96.460655
31,86.947235,93.92041,96.42916
32,86.93842,93.90578,96.428246
33,86.935715,93.87086,96.44125
34,86.95663,93.90802,96.45635
35,86.96721,93.92638,96.44231
36,86.950066,93.931946,96.4482
37,86.96335,93.921074,96.438614
38,86.94689,93.94754,96.461296
39,86.96222,93.95128,96.50278
40,86.96271,93.9899,96.51423
41,86.990074,93.9899,96.5066
42,87.023056,94.03956,96.51767
43,87.050255,94.13013,96.484215
44,87.08122,94.07478,96.46573
45,87.05819,94.02977,96.474625
46,87.070274,94.033714,96.443474
47,87.05863,93.99935,96.437904
48,87.04409,94.02592,96.44254
49,87.04747,94.01605,96.4471
50,87.03072,94.01555,96.46036
51,87.019615,94.05857,96.478355
52,87.00464,93.99367,96.46954
53,87.00466,94.02046,96.445984
54,86.99199,94.008064,96.41955
55,86.986176,93.99013,96.458496
56,86.952545,93.99013,96.458496
57,86.948944,93.969284,96.43494
58,86.95831,94.008064,96.454124
59,86.964615,93.98038,96.473785
60,86.96016,93.993416,96.456726
61,86.959015,93.942696,96.47372
62,86.95706,93.968025,96.470375
63,86.9438,93.95586,96.470474
64,86.95311,93.939835,96.49629
65,86.96213,93.96663,96.45667
66,86.96037,93.96663,96.46524
67,86.96583,93.94836,96.45202
68,86.94677,93.93643,96.426895
69,86.96132,93.93876,96.42065
70,86.94658,93.92485,96.4272
71,86.960724,93.97846,96.42893
72,86.94828,93.98563,96.41438
73,86.960724,93.988846,96.4253
74,86.960724,93.937,96.45001
75,86.989204,93.9509,96.42358
76,86.974495,93.9767,96.44665
77,86.96134,93.9777,96.45394
78,86.94593,93.98983,96.42627
79,86.945305,93.98516,96.427505
80,86.91674,93.96188,96.46189
81,86.91674,93.90943,96.42069
82,86.890274,93.911194,96.43367
83,86.90437,93.94799,96.428085
84,86.90437,93.92264,96.41982
85,86.90562,93.924095,96.41606
86,86.89144,93.92585,96.41527
87,86.9594,93.9512,96.42552
88,86.94658,93.924095,96.43909
89,86.94658,93.924095,96.43909
90,86.945305,93.92731,96.43325
91,86.89186,93.91633,96.41557
92,86.94685,93.927605,96.441536
93,86.945305,93.91555,96.45579
94,86.918945,93.92783,96.441536
95,86.958954,93.94134,96.45526
96,86.94679,93.92907,96.45009
97,86.96054,93.90351,96.43785
98,86.96054,93.91531,96.425735
99,86.94679,93.94336,96.42892
100,86.96058,93.967415,96.438545
101,86.972,93.97753,96.45202
102,86.957886,94.006454,96.43951
103,86.957886,94.006454,96.42724
104,86.87803,94.109665,96.413475
105,86.97426,93.983826,96.39966
106,86.95933,93.96627,96.38982
107,86.974525,93.961784,96.41423
108,86.96768,93.908104,96.42809
109,86.95819,93.90155,96.41222
110,86.944786,93.90693,96.40083
111,86.930855,93.92981,96.42321
112,86.94499,93.92188,96.41723
113,86.90387,93.88216,96.41977
114,86.90856,93.89512,96.423836
115,86.853134,93.87155,96.37444
116,86.84542,93.932686,96.38169
117,86.85544,93.87629,96.37196
118,86.85578,93.85694,96.382416
119,86.87697,93.84096,96.36483
120,86.9045,93.90648,96.380646
121,86.88313,93.91444,96.39459
122,86.93009,93.911606,96.380585
123,86.902245,93.85923,96.357605
124,86.9015,93.82858,96.35596
125,86.90036,93.85407,96.33348
126,86.92822,93.85407,96.33913
127,86.905655,93.841736,96.36574
128,86.91694,93.81761,96.35079
129,86.906876,93.81488,96.37724
130,86.91093,93.8417,96.38301
131,86.92869,93.84359,96.3773
132,86.92887,93.84407,96.41886
133,86.90258,93.871,96.424225
134,86.90685,93.88868,96.44104
135,86.92776,93.88542,96.414474
136,86.93665,93.86287,96.419556
137,86.94352,93.881584,96.41615
138,86.9062,93.863174,96.416275
139,86.916985,93.88297,96.38977
140,86.88957,93.86474,96.40514
141,86.876396,93.89728,96.38849
142,86.90121,93.905266,96.3826
143,86.925644,93.91141,96.39118
144,86.92495,93.85234,96.38015
145,86.91699,93.862335,96.37718
146,86.89636,93.85205,96.37718
147,86.86467,93.895744,96.405205
148,86.88763,93.90411,96.405205
149,86.88763,93.926735,96.38643
150,86.88782,93.97825,96.40898
151,86.88782,93.96801,96.43599
152,86.91808,93.99685,96.44974
153,86.89454,93.99998,96.4594
154,86.92028,94.02677,96.41737
155,86.92028,94.02677,96.42698
156,86.92028,94.02677,96.416885
157,86.91943,94.02781,96.42698
158,86.92028,94.064835,96.46368
159,86.94272,94.08092,96.46301
160,86.9437,94.11473,96.48164
161,86.945305,94.09423,96.48188
162,86.92058,94.09248,96.4627
163,86.921585,94.08565,96.46335
164,86.945305,94.111916,96.452095
165,86.96094,94.086464,96.4782
166,86.959465,94.06009,96.477264
167,86.95252,94.09902,96.479
168,86.96787,94.08639,96.448395
169,86.93817,94.03051,96.45319
170,86.945305,94.02544,96.42447
171,86.93805,94.020935,96.41306
172,86.91744,94.041306,96.443214
173,86.91744,94.01151,96.424644
174,86.91744,93.992165,96.43431
175,86.94756,94.01065,96.41356
176,86.95251,94.0092,96.41793
177,86.939026,94.02574,96.45964
178,86.939026,94.02574,96.45964
179,86.939026,94.00654,96.45964
180,86.91031,93.98116,96.426865
181,86.90288,93.975296,96.43777
182,86.88281,93.95645,96.453255
183,86.88793,93.94256,96.453255
184,86.875244,93.93459,96.44239
185,86.861694,93.935616,96.455055
186,86.880226,93.946686,96.45585
187,86.89974,93.958496,96.46746
188,86.941795,93.931656,96.45182
189,86.941795,93.931656,96.47684
190,86.945305,93.94463,96.47548
191,86.97317,93.96038,96.50199
192,86.98362,93.95935,96.508415
193,86.97317,94.01606,96.51227
194,86.97305,94.08441,96.49216
195,86.9624,94.07912,96.493675
196,86.98907,94.05403,96.46656
197,86.99988,94.04269,96.4628
198,86.970184,94.028755,96.48188
199,86.94414,94.060524,96.43543
200,86.96037,94.05077,96.44789
201,86.96037,94.026436,96.44221
202,86.93219,94.02398,96.442924
203,86.91744,93.9922,96.38932
204,86.90731,93.97401,96.38906
205,86.90731,93.92901,96.415504
206,86.888405,93.95083,96.394745
207,86.906265,93.96541,96.40931
208,86.88957,93.95012,96.409096
209,86.88957,93.92331,96.39781
210,86.92111,93.94171,96.39869
211,86.90531,93.94974,96.40116
212,86.93245,93.888176,96.42415
213,86.90477,93.88525,96.412186
214,86.93245,93.901245,96.40146
215,86.92032,93.904465,96.37713
216,86.93245,93.94472,96.399536
217,86.920876,93.891106,96.3762
218,86.87761,93.888176,96.38593
219,86.87761,93.912056,96.40445
220,86.88957,93.912964,96.38926
221,86.88957,93.91086,96.406525
222,86.88906,93.93322,96.35636
223,86.87933,93.94517,96.332954
224,86.861694,93.91563,96.332634
225,86.86119,93.9148,96.34865
226,86.86034,93.89301,96.35905
227,86.85924,93.86975,96.33605
228,86.84371,93.86556,96.355896
229,86.84371,93.86556,96.355896
230,86.833305,93.862,96.355995
231,86.85144,93.91295,96.383095
232,86.85214,93.94587,96.38538
233,86.85051,93.945755,96.38913
234,86.914795,93.986176,96.39593
235,86.91744,94.00011,96.399864
236,86.891075,93.9572,96.40061
237,86.91586,93.943535,96.38373
238,86.931305,93.959236,96.38253
239,86.90437,93.97223,96.430214
240,86.9049,93.98891,96.432526
241,86.90403,93.98511,96.41475
242,86.913246,93.98613,96.44115
243,86.9069,94.04364,96.418884
244,86.883446,94.04666,96.37273
245,86.88863,93.97071,96.38137
246,86.89486,94.00439,96.44563
247,86.91908,93.99711,96.44066
248,86.91744,94.02282,96.41393
249,86.92708,93.99225,96.42338
250,86.95405,93.99102,96.44211
251,86.95861,93.98876,96.44195
252,86.95515,93.98876,96.43346
253,86.95123,93.98114,96.432
254,86.93269,93.95996,96.432495
255,86.98103,93.9996,96.41783
256,86.98049,94.024155,96.4039
257,86.98049,94.01809,96.401634
258,86.97842,94.04292,96.466156
259,86.95263,94.03403,96.473656
260,86.95263,94.05387,96.44722
261,86.95263,94.03696,96.410614
262,86.97842,94.03119,96.433136
263,86.9511,93.99736,96.3939
264,86.9321,94.006256,96.38957
265,86.950554,93.9952,96.404625
266,86.9063,93.95657,96.42034
267,86.905754,93.941605,96.43324
268,86.95298,93.9397,96.41968
269,86.93451,93.959854,96.41968
270,86.95294,93.95797,96.41144
271,86.95294,94.02413,96.399994
272,86.952644,94.07317,96.4313
273,86.95299,94.09396,96.44204
274,86.95079,94.07289,96.44174
275,86.92628,94.07756,96.46818
276,86.95045,94.06722,96.4604
277,86.95365,94.09448,96.505424
278,86.96717,94.10384,96.59142
279,86.97657,94.06606,96.54304
280,87.01008,94.055,96.53654
281,86.983406,94.10836,96.53021
282,86.986206,94.10591,96.52381
283,86.970795,94.1368,96.485504
284,86.96925,94.126686,96.45095
285,86.98585,94.07826,96.45878
286,86.95593,94.10084,96.45247
287,86.93922,94.04967,96.44805
288,86.94483,94.05439,96.43263
289,86.95497,94.0337,96.43279
290,86.95497,94.0337,96.43279
291,86.93846,94.035126,96.425285
292,86.95509,94.03744,96.42236
293,86.953766,94.052986,96.407875
294,86.98238,94.0307,96.428955
295,86.98208,94.06324,96.43049
296,86.95452,94.031944,96.414215
297,86.98231,94.08005,96.438866
298,86.98167,94.04397,96.42823
299,86.96327,94.05657,96.44516
300,86.98231,94.05613,96.44425
301,86.98231,94.082466,96.44929
302,86.963585,94.06784,96.462006
303,87.009674,94.087326,96.45092
304,87.01042,94.09907,96.46675
305,87.00965,94.089874,96.46537
306,87.01098,94.06073,96.45185
307,87.00947,94.05655,96.480705
308,86.98159,94.068146,96.44235
309,86.969734,94.03217,96.38966
310,86.95333,94.033,96.41522
311,86.95028,94.04233,96.40691
312,86.95038,94.04114,96.42172
313,86.92343,94.03789,96.43215
314,86.92355,94.05069,96.43104
315,86.92222,94.077255,96.430305
316,86.951416,94.077896,96.4559
317,86.941444,94.09784,96.43374
318,86.95541,94.087975,96.446236
319,86.945305,94.104256,96.44816
320,86.945305,94.0872,96.49533
321,86.96627,94.0846,96.51815
322,86.977066,94.09661,96.50257
323,86.984955,94.10033,96.48506
324,86.98226,94.10132,96.461685
325,86.98226,94.0633,96.43426
326,86.95435,94.04926,96.409706
327,86.95435,94.07813,96.39618
328,86.94846,94.070496,96.38067
329,86.92322,94.050064,96.37041
330,86.92311,94.03656,96.36102
331,86.92466,94.03261,96.36918
332,86.91867,94.028015,96.36668
333,86.90241,93.99202,96.385185
334,86.90001,94.0104,96.3954
335,86.90241,94.01099,96.37611
336,86.91954,93.997986,96.37117
337,86.92788,93.98476,96.3954
338,86.92788,94.025925,96.39654
339,86.87735,93.99211,96.40339
340,86.88134,93.965546,96.396484
341,86.90088,93.98396,96.39594
342,86.87213,94.00993,96.387405
343,86.86379,94.005585,96.39594
344,86.84512,94.001785,96.37936
345,86.84512,94.01285,96.38908
346,86.84512,93.991554,96.38477
347,86.861694,94.01175,96.41234
348,86.86794,93.984856,96.40206
349,86.88957,93.95542,96.40296
350,86.86804,93.93239,96.3954
351,86.8448,93.91452,96.37822
352,86.866615,93.99459,96.376724
353,86.868195,94.00162,96.383865
354,86.929016,94.04049,96.42284
355,86.945305,94.01501,96.41316
356,86.950264,94.01026,96.44932
357,86.950264,94.01026,96.44932
358,86.971504,94.078575,96.45128
359,86.979385,94.09767,96.481735
360,87.00537,94.065025,96.444374
361,86.999565,94.077415,96.45131
362,86.989235,94.058655,96.48109
363,86.97908,94.06433,96.5024
364,86.97908,94.0702,96.48565
365,86.979385,94.1216,96.50044
366,87.00723,94.116585,96.50769
367,87.00537,94.112885,96.51786
368,87.02888,94.11219,96.518326
369,86.97935,94.08924,96.52883
370,86.97935,94.07101,96.48318
371,86.98336,94.07029,96.47058
372,86.984276,94.049675,96.46745
373,86.97872,94.03535,96.4907
374,86.97721,94.00283,96.48926
375,86.96555,94.05276,96.49006
376,86.949326,94.04892,96.47791
377,86.94764,94.036705,96.4721
378,86.92498,94.03372,96.463135
379,86.94141,94.04531,96.47867
380,86.94907,94.09888,96.47867
381,86.954765,94.09083,96.501434
382,86.92814,94.070526,96.502144
383,86.931786,94.02797,96.475334
384,86.92109,94.032875,96.45342
385,86.91744,94.04043,96.45496
386,86.89904,94.03221,96.45306
387,86.8948,94.03328,96.436295
388,86.895584,94.01547,96.43763
389,86.938,94.03916,96.42943
390,86.93734,94.01545,96.45341
391,86.91373,93.99181,96.43932
392,86.9131,94.03705,96.467545
393,86.90853,94.02497,96.45471
394,86.90437,94.03705,96.50675
395,86.91525,94.0486,96.49344
396,86.91761,94.035225,96.46799
397,86.91572,94.028435,96.41596
398,86.914825,93.983215,96.441185
399,86.89914,94.01234,96.427605
400,86.89914,94.04557,96.44093
401,86.895615,94.038414,96.46628
402,86.90797,94.05426,96.477715
403,86.893555,94.05426,96.46504
404,86.88957,94.033615,96.42484
405,86.892876,94.00085,96.46178
406,86.89443,94.005066,96.473335
407,86.92046,94.03904,96.41266
408,86.948326,94.02467,96.45231
409,86.93609,94.06772,96.45231
410,86.92557,94.04476,96.47515
411,86.94999,94.0714,96.461784
412,86.94999,94.08212,96.475655
413,86.976074,94.143715,96.457275
414,86.976074,94.12841,96.46496
415,86.99468,94.09089,96.47466
416,86.98408,94.064125,96.499855
417,86.96827,94.07944,96.499855
418,86.94016,94.09286,96.46079
419,86.953064,94.0673,96.47664
420,86.92193,94.099045,96.474106
421,86.893234,94.06737,96.456505
422,86.893234,94.06737,96.456505
423,86.893234,94.08089,96.44659
424,86.891945,94.05758,96.47303
425,86.916504,94.08926,96.45855
426,86.94437,94.08515,96.4517
427,86.93742,94.10252,96.462
428,86.93054,94.07361,96.46591
429,86.920845,94.03113,96.45013
430,86.89535,94.03802,96.45013
431,86.892975,94.04427,96.43856
432,86.8917,94.09095,96.46314
433,86.892975,94.07522,96.41393
434,86.88282,94.07921,96.40632
435,86.880035,94.07203,96.39488
436,86.88834,94.0239,96.39653
437,86.887695,94.02202,96.455894
438,86.88606,94.02669,96.47599
439,86.886116,93.999825,96.466736
440,86.886116,94.01812,96.474884
441,86.90231,94.02865,96.453514
442,86.90231,94.023346,96.42707
443,86.914375,94.023705,96.47677
444,86.90018,94.03949,96.46523
445,86.8892,94.09642,96.48492
446,86.888016,94.119415,96.51077
447,86.91259,94.067406,96.47675
448,86.9119,94.02336,96.49087
449,86.90154,93.98182,96.47077
450,86.91404,93.98626,96.46067
451,86.926025,93.98296,96.44277
452,86.926834,94.04554,96.42827
453,86.9547,94.05597,96.478935
454,86.9547,94.05597,96.478935
455,86.95148,94.04554,96.44215
456,86.95262,94.085335,96.41911
457,86.926834,94.029945,96.38505
458,86.93092,94.019516,96.38746
459,86.93301,94.0206,96.39491
460,86.90306,94.01913,96.415016
461,86.903656,93.98426,96.39824
462,86.919846,93.975044,96.38816
463,86.898796,93.975044,96.404526
464,86.933174,93.970314,96.40799
465,86.921196,93.9657,96.41068
466,86.921196,93.97115,96.397385
467,86.92392,93.953026,96.41068
468,86.9304,93.953026,96.45975
469,86.921196,93.95621,96.44513
470,86.92392,93.950455,96.46998
471,86.92437,93.93959,96.4453
472,86.89817,93.929016,96.434425
473,86.90034,93.94277,96.4308
474,86.93289,93.958,96.47593
475,86.95,93.98455,96.463036
476,86.922134,93.971504,96.474495
477,86.945305,93.97317,96.47608
478,86.94865,94.00154,96.48155
479,86.94753,94.01221,96.5036
480,86.92605,94.01281,96.479164
481,86.95231,94.037,96.46496
482,86.951355,93.99858,96.453186
483,86.95292,94.04534,96.46016
484,86.92317,94.03221,96.512886
485,86.91043,94.00979,96.50856
486,86.91658,93.99301,96.47631
487,86.92397,93.99057,96.49447
488,86.91455,94.033585,96.50074
489,86.941765,94.04263,96.52127
490,86.93342,94.02428,96.515724
491,86.94966,94.01641,96.54361
492,86.915955,94.00402,96.52995
493,86.94642,93.99572,96.518005
494,86.966545,94.000114,96.543526
495,86.95083,94.05011,96.519424
496,86.95836,94.05233,96.53315
497,86.945015,94.02412,96.52161
498,86.93854,94.022,96.50843
499,86.955765,94.09121,96.507195
500,86.944336,94.06351,96.49285
501,86.94317,94.0412,96.50165
502,86.92275,94.06418,96.51704
503,86.922134,94.05525,96.51407
504,86.93298,94.07205,96.5123
505,86.94774,94.024796,96.48713
506,86.94212,94.074425,96.48624
507,86.947426,94.06096,96.48149
508,86.91425,94.0527,96.46415
509,86.899956,94.0449,96.464005
510,86.894905,94.0677,96.449135
511,86.89007,94.05912,96.44246
512,86.894775,94.064995,96.44964
513,86.881966,94.06088,96.44274
514,86.879944,94.068886,96.44329
515,86.910164,94.0184,96.45527
516,86.919716,94.06906,96.50859
517,86.89411,94.06394,96.50859
518,86.89428,94.09694,96.48917
519,86.87986,94.069145,96.48917
520,86.87986,94.06292,96.48902
521,86.89428,94.06784,96.475845
522,86.88229,94.06194,96.47469
523,86.87986,94.02772,96.46262
524,86.88359,93.97631,96.45844
525,86.88916,93.92727,96.45648
526,86.88916,93.94663,96.46582
527,86.88916,93.93433,96.45414
528,86.91361,93.92543,96.446976
529,86.91361,93.96796,96.47483
530,86.925064,93.99584,96.47774
531,86.92527,94.04166,96.51222
532,86.91609,94.04236,96.466255
533,86.953186,94.032455,96.49121
534,86.9332,94.04382,96.480064
535,86.93,94.045616,96.478584
536,86.93046,94.08374,96.49581
537,86.93046,94.08374,96.49581
538,86.953514,94.08434,96.47652
539,86.94536,94.05275,96.476105
540,86.96166,94.09275,96.47882
541,86.96493,94.08633,96.49149
542,86.95621,94.055824,96.4614
543,86.93039,94.0421,96.47508
544,86.945854,94.07491,96.46457
545,86.945946,94.078384,96.42817
546,86.925446,94.057365,96.46487
547,86.897575,94.06476,96.47653
548,86.897705,93.97578,96.46226
549,86.93795,93.98262,96.46226
550,86.942986,93.979225,96.477585
551,86.942986,93.956985,96.47213
552,86.942986,93.95475,96.47368
553,86.942986,93.95591,96.47475
554,86.95079,93.946144,96.49392
555,86.95079,93.95015,96.53795
556,86.95065,93.97997,96.51824
557,86.92979,93.97997,96.531975
558,86.966194,93.97145,96.54155
559,86.942184,93.990875,96.54383
560,86.969925,93.95343,96.54151
561,86.96522,93.92645,96.524605
562,86.944244,93.89239,96.523445
563,86.964905,93.92177,96.53045
564,86.96313,93.937515,96.523285
565,86.949684,93.91895,96.52788
566,86.96104,93.96294,96.51674
567,86.94559,93.97726,96.544365
568,86.9455,93.95978,96.53784
569,86.945274,93.95733,96.54174
570,86.934875,93.955696,96.50821
571,86.93373,93.95779,96.50097
572,86.934944,93.924416,96.54258
573,86.9444,93.99847,96.53927
574,86.94162,94.040115,96.54324
575,86.937805,94.07897,96.56461
576,86.94825,94.03455,96.555626
577,86.94474,94.02951,96.524376
578,86.96386,94.02837,96.493805
579,86.963066,94.02212,96.512596
580,86.96335,94.03627,96.51242
581,86.99024,94.0232,96.52001
582,86.9912,93.99802,96.485985
583,86.95949,93.99733,96.451805
584,86.941444,93.95612,96.467125
585,86.916466,93.930244,96.48587
586,86.913506,93.92845,96.45941
587,86.89254,93.94466,96.47666
588,86.88661,93.95359,96.468864
589,86.91649,93.95451,96.49527
590,86.935486,93.97145,96.47821
591,86.94153,93.98131,96.50466
592,86.93989,93.94318,96.48256
593,86.95996,93.96895,96.50945
594,86.96127,94.0051,96.54584
595,86.97067,94.02441,96.53023
596,86.99733,93.99936,96.55729
597,86.98542,94.01154,96.567024
598,86.98542,94.01154,96.567024
599,86.97974,94.03764,96.593445
600,86.987915,94.06189,96.600365
601,86.987915,94.07619,96.6037
602,86.9916,94.0494,96.597855
603,86.99866,94.01401,96.61364
604,87.018074,93.97514,96.61246
605,87.01926,93.99904,96.57526
606,87.01684,94.02948,96.6139
607,86.98996,94.015366,96.607056
608,86.96245,94.00206,96.589775
609,86.96245,94.03637,96.58162
610,86.96245,94.0026,96.58102
611,86.96899,94.02052,96.59689
612,86.968864,94.01871,96.61878
613,86.967636,94.10391,96.69185
614,86.967735,94.06312,96.64749
615,86.97211,94.08555,96.67871
616,86.97317,94.12124,96.6813
617,86.96901,94.14336,96.64046
618,86.98226,94.13903,96.66086
619,86.98006,94.12197,96.64962
620,86.982994,94.12864,96.65036
621,87.01185,94.10216,96.608765
622,86.98507,94.10856,96.59847
623,86.98554,94.09438,96.598946
624,86.98555,94.09329,96.59941
625,87.00918,94.11427,96.567726
626,86.996864,94.165276,96.57106
627,86.88165,94.18734,96.54091
628,86.929016,94.10477,96.552505
629,86.93758,94.12291,96.567505
630,86.937485,94.12002,96.57019
631,86.946815,94.11182,96.575455
632,86.94451,94.10078,96.521416
633,86.934235,94.109276,96.50495
634,86.91399,94.112,96.5211
635,86.91655,94.12097,96.568115
636,86.920334,94.10373,96.570564
637,86.962555,94.11584,96.58451
638,86.97753,94.140785,96.570786
639,86.95269,94.17686,96.570786
640,86.94821,94.1513,96.58507
641,86.93036,94.14572,96.54804
642,86.962585,94.14597,96.55943
643,86.95987,94.129745,96.546295
644,86.96528,94.15637,96.57272
645,86.99044,94.16702,96.61224
646,86.98961,94.19336,96.58752
647,86.98614,94.19352,96.60073
648,86.98614,94.18234,96.59467
649,86.970726,94.16823,96.578896
650,86.95583,94.167915,96.58762
651,86.99665,94.195,96.58934
652,87.002655,94.180916,96.583336
653,87.012146,94.19143,96.58388
654,87.0255,94.19302,96.56828
655,87.02692,94.188194,96.604546
656,86.99952,94.208305,96.58819
657,86.98815,94.19248,96.60591
658,86.99952,94.18513,96.585655
659,87.0191,94.164925,96.59088
660,86.991714,94.190674,96.62351
661,87.01919,94.16819,96.645744
662,87.01955,94.11773,96.613106
663,87.01955,94.08285,96.57109
664,87.01016,94.07621,96.55841
665,86.99236,94.09346,96.57754
666,86.96429,94.09667,96.5813
667,86.94554,94.13956,96.56237
668,86.9642,94.09504,96.59082
669,86.9644,94.08815,96.56496
670,87.00084,94.08697,96.56667
671,86.99233,94.10616,96.58742
672,86.96466,94.10497,96.61308
673,86.964714,94.08258,96.61383
674,86.964714,94.03726,96.58291
675,87.00876,94.03221,96.58667
676,86.98435,94.00988,96.56006
677,86.98434,94.038536,96.56695
678,86.96485,94.01624,96.574265
679,86.98134,94.01165,96.55079
680,86.96286,94.02589,96.56868
681,86.96286,94.04714,96.57188
682,86.96271,94.07865,96.55233
683,86.972755,94.10177,96.57502
684,86.97184,94.077484,96.5486
685,86.95926,94.07107,96.56869
686,86.955986,94.113655,96.52177
687,86.97317,94.10452,96.5303
688,86.96609,94.106926,96.521355
689,86.94788,94.06993,96.53478
690,86.94733,94.121605,96.52047
691,86.87002,94.235344,96.53203
692,86.879074,94.28331,96.53715
693,86.93907,94.16183,96.523865
694,86.973404,94.13342,96.52177
695,86.94813,94.12568,96.52712
696,86.94999,94.131,96.53204
697,86.95812,94.10394,96.53142
698,86.96859,94.10394,96.54202
699,86.95568,94.1193,96.54393
700,86.95341,94.10448,96.56004
701,86.95943,94.09864,96.56264
702,86.961426,94.04881,96.57276
703,86.961426,94.02605,96.57264
704,86.961426,94.026474,96.56976
705,86.96334,94.05283,96.56976
706,86.963974,94.056885,96.59121
707,86.96435,94.08372,96.599045
708,86.89057,94.27833,96.599174
709,86.953606,94.2055,96.61494
710,86.95944,94.17926,96.625595
711,86.961716,94.20095,96.633125
712,86.93535,94.194916,96.61708
713,86.93266,94.16734,96.590645
714,86.93163,94.10813,96.59158
715,86.878044,94.259254,96.54819
716,86.85257,94.26997,96.563515
717,86.896805,94.22137,96.58036
718,86.89356,94.18286,96.55904
719,86.896935,94.167564,96.533936
720,86.83893,94.24757,96.52827
721,86.8392,94.2442,96.5519
722,86.88455,94.19172,96.55261
723,86.921486,94.16866,96.513405
724,86.93158,94.137405,96.49533
725,86.9602,94.124084,96.53917
726,86.95503,94.131775,96.53511
727,86.95604,94.125885,96.54738
728,86.91008,94.1256,96.54664
729,86.93125,94.149956,96.545525
730,86.88257,94.09783,96.52043
731,86.91028,94.136986,96.493996
732,86.910255,94.07985,96.53258
733,86.9312,94.07985,96.52043
734,86.93104,94.078514,96.52043
735,86.9312,94.07985,96.50963
736,86.863556,94.16596,96.53839
737,86.90023,94.08835,96.527084
738,86.841934,94.16274,96.51961
739,86.85679,94.15552,96.547195
740,86.881935,94.11332,96.55765
741,86.89037,94.0896,96.56295
742,86.89971,94.07939,96.561325
743,86.800285,94.1318,96.53581
744,86.889915,94.09531,96.538826
745,86.92289,94.09654,96.53968
746,86.930626,94.093895,96.56672
747,86.92826,94.094124,96.57967
748,86.91796,94.09223,96.59499
749,86.941635,94.117325,96.60649
750,86.946625,94.11692,96.634926
751,86.956215,94.13004,96.583885
752,86.98506,94.14079,96.584625
753,86.96583,94.18472,96.61125
754,87.00663,94.16975,96.61125
755,87.00563,94.1616,96.63518
756,86.98626,94.18625,96.6363
757,87.012764,94.15321,96.653595
758,87.00291,94.13452,96.63659
759,86.99404,94.08284,96.624886
760,86.99188,94.07022,96.60798
761,87.01492,94.0831,96.60798
762,86.98728,94.10192,96.618774
763,86.98844,94.06077,96.588585
764,86.96099,94.08291,96.57617
765,86.94595,94.08248,96.59111
766,86.928474,94.06167,96.60141
767,86.938705,94.067726,96.62782
768,86.938705,94.024284,96.65231
769,86.94005,94.02736,96.65231
770,86.94102,94.04891,96.62178
771,86.94102,94.04891,96.62667
772,86.98033,94.0603,96.61868
773,86.98015,94.03787,96.62976
774,86.96632,94.05165,96.68036
775,86.94154,94.0497,96.64421
776,86.94154,94.0497,96.64421
777,86.94154,94.0166,96.610954
778,86.967026,94.03209,96.61756
779,86.94874,94.030266,96.605225
780,86.941376,94.00296,96.5644
781,86.92566,93.97762,96.57912
782,86.937195,93.96565,96.6103
783,86.830475,94.12415,96.62496
784,86.90116,94.10385,96.625275
785,86.905075,94.09737,96.5951
786,86.8922,94.10487,96.56805
787,86.91096,94.08983,96.570564
788,86.90152,94.043,96.5806
789,86.91167,94.067825,96.58634
790,86.93953,94.094055,96.577194
791,86.93965,94.118835,96.58683
792,86.93953,94.0853,96.607315
793,86.935585,94.08405,96.61068
794,86.946526,94.06672,96.58743
795,86.928825,94.079704,96.591064
796,86.93025,94.06633,96.63062
797,86.940315,94.056046,96.58673
798,86.92495,94.03277,96.58894
799,86.924385,94.049805,96.55748
800,86.941376,94.053764,96.56197
801,86.89657,94.179016,96.53369
802,86.93695,94.11868,96.54423
803,86.941795,94.08599,96.51719
804,86.94828,94.08502,96.53973
805,86.960945,94.15151,96.5614
806,86.97964,94.12201,96.58922
807,86.98772,94.09954,96.63928
808,87.018814,94.133385,96.62433
809,87.00428,94.10852,96.59433
810,87.02238,94.10064,96.56343
811,87.02238,94.086426,96.56267
812,86.98793,94.09611,96.56223
813,86.985435,94.13709,96.566345
814,86.98422,94.15988,96.615616
815,86.907326,94.2406,96.60298
816,86.96257,94.21454,96.62648
817,86.88297,94.24603,96.62745
818,86.94835,94.19307,96.62158
819,86.945305,94.20401,96.59578
820,86.95642,94.209946,96.59997
821,86.9604,94.181465,96.62268
822,86.96163,94.13421,96.59627
823,86.89375,94.20108,96.58987
824,86.94395,94.181206,96.59198
825,86.94715,94.14669,96.63108
826,86.94841,94.15803,96.64474
827,86.97174,94.15535,96.69032
828,86.951385,94.13185,96.610916
829,86.94964,94.154045,96.645645
830,86.89781,94.212555,96.647644
831,86.94214,94.1513,96.62497
832,86.856094,94.209625,96.60216
833,86.89808,94.13638,96.599075
834,86.91277,94.12214,96.58035
835,86.93099,94.09293,96.584694
836,86.917336,94.07485,96.584526
837,86.918144,94.06392,96.558235
838,86.91932,94.046555,96.53565
839,86.89178,94.0841,96.5171
840,86.89037,94.0798,96.517715
841,86.95439,94.10315,96.56996
842,86.91573,94.07783,96.559006
843,86.9202,94.065895,96.56808
844,86.9363,94.057396,96.54275
845,86.90858,94.035095,96.56705
846,86.909706,94.04322,96.56042
847,86.92364,94.046394,96.58995
848,86.91154,94.00333,96.57221
849,86.92735,94.02948,96.59698
850,86.94396,94.036194,96.610435
851,86.91609,94.00908,96.57261
852,86.9167,94.060875,96.57277
853,86.91715,94.0308,96.56217
854,86.91747,94.0462,96.53618
855,86.9173,94.04877,96.543884
856,86.944534,93.95963,96.52177
857,86.944534,94.03149,96.5356
858,86.87983,94.16492,96.54527
859,86.84014,94.1738,96.5093
860,86.89577,94.08421,96.5407
861,86.90357,94.055695,96.54558
862,86.89174,94.08219,96.55971
863,86.92181,94.05575,96.541954
864,86.922806,94.05364,96.54195
865,86.9577,94.08317,96.589966
866,87.01054,94.12137,96.59017
867,87.05661,94.17698,96.645744
868,87.03509,94.14903,96.64825
869,87.03271,94.19214,96.64834
870,87.03271,94.2001,96.64351
871,86.98658,94.1653,96.635895
872,87.00589,94.217995,96.64972
873,87.00817,94.21755,96.68742
874,87.01051,94.20797,96.69128
875,86.99311,94.23333,96.69522
876,86.98202,94.22029,96.64746
877,86.982,94.196365,96.6627
878,86.982704,94.21299,96.65656
879,86.95566,94.16826,96.63948
880,86.95558,94.12319,96.67635
881,86.93438,94.16236,96.68261
882,86.86758,94.28939,96.70592
883,86.8867,94.34107,96.70667
884,86.94403,94.17936,96.699745
885,86.87564,94.305466,96.69123
886,86.90035,94.30547,96.68153
887,86.87837,94.267654,96.64703
888,86.9042,94.280846,96.63504
889,86.92504,94.29704,96.660965
890,86.92323,94.32395,96.63409
891,87.006966,94.18884,96.65133
892,86.95262,94.26598,96.63201
893,86.9893,94.17693,96.66873
894,86.988655,94.14151,96.62349
895,86.97059,94.11423,96.62156
896,86.98677,94.113976,96.6072
897,86.97317,94.07814,96.6095
898,86.94193,94.20383,96.61862
899,86.9705,94.14238,96.624756
900,86.97317,94.13889,96.616425
901,87.000496,94.122574,96.59179
902,86.99211,94.095535,96.592834
903,86.97309,94.1141,96.59452
904,86.99213,94.08057,96.59371
905,86.99176,94.06267,96.58627
906,86.97283,94.0783,96.61262
907,86.97267,94.101295,96.594696
908,86.965324,94.12817,96.574615
909,86.9726,94.1115,96.59367
910,86.962814,94.11742,96.5898
911,86.970795,94.104836,96.56853
912,86.95944,94.122955,96.54819
913,86.95944,94.11839,96.54819
914,86.9747,94.07906,96.56728
915,86.972336,94.082085,96.57107
916,86.972145,94.08249,96.58562
917,86.96168,94.08092,96.58289
918,86.94476,94.09766,96.570335
919,86.94672,94.06092,96.59946
920,86.97317,94.06543,96.635216
921,86.973915,94.136894,96.65386
922,86.97637,94.166336,96.696686
923,86.975494,94.149506,96.6779
924,87.00102,94.15088,96.6936
925,87.00102,94.15377,96.68066
926,86.97684,94.13024,96.63705
927,86.91112,94.10182,96.560745
928,86.915184,94.07828,96.54478
929,86.85843,94.182304,96.524414
930,86.861694,94.11018,96.52147
931,86.87218,94.13801,96.52956
932,86.88461,94.173645,96.55801
933,86.86689,94.131065,96.56252
934,86.89433,94.17756,96.53501
935,86.91537,94.194016,96.54819
936,86.94381,94.18764,96.571045
937,86.94358,94.17366,96.55684
938,86.91744,94.18456,96.54895
939,86.91744,94.17334,96.56581
940,86.91744,94.15954,96.570786
941,86.91744,94.15981,96.56494
942,86.91322,94.16076,96.60443
943,86.9119,94.1814,96.61145
944,86.88957,94.17445,96.59251
945,86.86184,94.13052,96.59145
946,86.88344,94.10599,96.552666
947,86.86144,94.088776,96.57713
948,86.86239,94.07298,96.558876
949,86.872025,94.052536,96.52327
950,86.853386,94.06401,96.52058
951,86.84939,94.05301,96.534836
952,86.84912,94.07339,96.5585
953,86.86537,94.03871,96.586685
954,86.88933,94.067,96.587524
955,86.92707,94.04867,96.61023
956,86.93595,94.05991,96.60618
957,86.93284,94.03685,96.59619
958,86.915924,94.24817,96.57646
959,86.981895,94.13655,96.576195
960,86.945305,94.17285,96.6052
961,86.98237,94.11704,96.610886
962,86.992226,94.14657,96.59436
963,86.9637,94.13384,96.593
964,86.96154,94.16351,96.59456
965,86.9419,94.15994,96.59273
966,86.94209,94.16098,96.59194
967,86.937,94.16642,96.61722
968,86.90806,94.17196,96.56609
969,86.92982,94.14274,96.60032
970,86.91794,94.14573,96.59597
971,86.91594,94.18237,96.608795
972,86.91709,94.15401,96.597
973,86.922424,94.16849,96.600174
974,86.919205,94.16971,96.58012
975,86.91744,94.15554,96.55666
976,86.918045,94.13949,96.55477
977,86.91744,94.12058,96.559044
978,86.945305,94.133675,96.548004
979,86.96445,94.11508,96.57466
980,86.98357,94.09532,96.599464
981,86.9536,94.10478,96.60671
982,86.94421,94.08496,96.592804
983,86.94421,94.082985,96.56676
984,86.97207,94.145035,96.61103
985,86.98768,94.107605,96.632256
986,86.98605,94.11689,96.61755
987,86.98605,94.1477,96.600685
988,87.00015,94.14146,96.583565
989,86.98475,94.12161,96.56497
990,86.97066,94.11234,96.59139
991,86.986275,94.11064,96.63068
992,86.972664,94.07479,96.59598
993,86.98628,94.114426,96.596664
994,86.998985,94.09232,96.60989
995,86.986885,94.096954,96.64945
996,86.98633,94.107956,96.65825
997,86.9868,94.12377,96.631836
998,86.95945,94.16009,96.59969
999,86.93159,94.17762,96.61079
1000,86.93387,94.18186,96.62567
1001,86.9376,94.20133,96.633865
1002,86.94108,94.24693,96.62557
1003,86.94718,94.241875,96.614235
1004,86.93493,94.21405,96.62499
1005,86.957184,94.1908,96.649086
1006,86.95866,94.196594,96.67659
1007,86.98505,94.22006,96.66734
1008,86.96757,94.21163,96.632965
1009,86.96279,94.16675,96.69607
1010,86.95474,94.16667,96.67549
1011,86.9826,94.191536,96.65938
1012,86.9826,94.159485,96.646034
1013,86.99107,94.159485,96.63748
1014,86.99107,94.167336,96.63748
1015,86.985596,94.1638,96.63757
1016,87.02795,94.141655,96.66399
1017,86.99119,94.19295,96.66399
1018,86.985596,94.26842,96.642166
1019,86.963326,94.2394,96.65669
1020,86.98502,94.214455,96.68577
1021,86.989,94.16393,96.66916
1022,86.99565,94.17716,96.684715
1023,86.98815,94.204926,96.68726
1024,86.97055,94.197075,96.71163
1025,86.96957,94.22074,96.7612
1026,86.99582,94.27172,96.752464
1027,86.98036,94.3658,96.67575
1028,86.98314,94.329254,96.67987
1029,86.93086,94.38735,96.68588
1030,86.950645,94.29546,96.6522
1031,86.93905,94.30302,96.64113
1032,86.96626,94.3098,96.660934
1033,86.971375,94.28913,96.64848
1034,86.96167,94.2655,96.626915
1035,86.95745,94.267075,96.6313
1036,86.96684,94.271904,96.62416
1037,86.960686,94.22611,96.608665
1038,86.935196,94.219185,96.61553
1039,86.96758,94.23165,96.631195
1040,86.98818,94.24464,96.61429
1041,86.96045,94.2484,96.623184
1042,86.96991,94.207664,96.61079
1043,86.99038,94.17339,96.62961
1044,86.99325,94.15596,96.6098
1045,86.99418,94.189545,96.617455
1046,86.96632,94.22448,96.65493
1047,86.923134,94.22328,96.63757
1048,86.97261,94.15386,96.61529
1049,86.93932,94.22173,96.66641
1050,86.96774,94.219376,96.66781
1051,86.991165,94.21903,96.66911
1052,86.96162,94.2177,96.67128
1053,86.99084,94.23419,96.66757
1054,86.99942,94.25747,96.66802
1055,86.99232,94.24447,96.66586
1056,86.968994,94.225975,96.66637
1057,86.9427,94.23155,96.64488
1058,86.97147,94.217476,96.66858
1059,86.9717,94.20893,96.67561
1060,86.97255,94.19379,96.65068
1061,86.97255,94.20909,96.64525
1062,86.97293,94.19643,96.644646
1063,86.97315,94.23999,96.601036
1064,86.946144,94.22524,96.610405
1065,86.972984,94.22547,96.62219
1066,86.94718,94.19839,96.605225
1067,86.91943,94.24705,96.60843
1068,86.92254,94.27386,96.61079
1069,86.94608,94.25563,96.6243
1070,86.920074,94.25576,96.63473
1071,86.92326,94.24055,96.63473
1072,86.9201,94.28252,96.60948
1073,86.92025,94.25576,96.608986
1074,86.92075,94.20602,96.608986
1075,86.92345,94.21174,96.61114
1076,86.92071,94.22017,96.61178
1077,86.94847,94.19963,96.6466
1078,86.92397,94.1691,96.63473
1079,86.945145,94.137245,96.65965
1080,86.945145,94.111946,96.67513
1081,86.94512,94.12767,96.685
1082,86.92006,94.143684,96.64969
1083,86.92006,94.15401,96.66114
1084,86.92032,94.169044,96.612335
1085,86.945274,94.169044,96.622444
1086,86.92348,94.16834,96.62458
1087,86.94818,94.16014,96.637596
1088,86.94732,94.18796,96.6188
1089,86.9477,94.18888,96.623474
1090,86.91984,94.12963,96.627655
1091,86.89436,94.172646,96.62623
1092,86.891464,94.19849,96.62353
1093,86.916435,94.195595,96.611
1094,86.943474,94.208115,96.619125
1095,86.91937,94.19014,96.64827
1096,86.916756,94.20202,96.63928
1097,86.87458,94.1896,96.61248
1098,86.89635,94.17231,96.61265
1099,86.87447,94.17002,96.608
1100,86.846115,94.1946,96.607704
1101,86.84723,94.14592,96.60639
1102,86.8389,94.15059,96.60639
1103,86.864975,94.150986,96.61531
1104,86.84144,94.125404,96.63084
1105,86.82041,94.251884,96.62291
1106,86.86009,94.179436,96.63254
1107,86.861694,94.17415,96.63176
1108,86.89351,94.17369,96.642654
1109,86.8904,94.19271,96.579254
1110,86.89064,94.183945,96.60181
1111,86.899826,94.161026,96.61246
1112,86.891685,94.136154,96.59435
1113,86.8723,94.11859,96.59616
1114,86.892166,94.161995,96.58545
1115,86.88206,94.16909,96.59091
1116,86.89975,94.186714,96.565346
1117,86.87151,94.18677,96.60334
1118,86.899025,94.119484,96.59238
1119,86.89855,94.108444,96.593765
1120,86.89484,94.10672,96.62137
1121,86.89675,94.0988,96.61608
1122,86.88804,94.11042,96.61653
1123,86.892136,94.12284,96.61605
1124,86.88324,94.08658,96.605125
1125,86.86426,94.03301,96.568405
1126,86.91591,94.051506,96.59185
1127,86.913284,94.09901,96.62956
1128,86.89883,94.0945,96.57674
1129,86.88808,94.10886,96.598434
1130,86.91744,94.13071,96.59795
1131,86.912384,94.12862,96.625916
1132,86.887215,94.09338,96.59504
1133,86.89095,94.143326,96.57949
1134,86.91677,94.15177,96.6
1135,86.91728,94.166306,96.59691
1136,86.952194,94.15321,96.610535
1137,86.927536,94.13387,96.59296
1138,86.94199,94.13797,96.621124
1139,86.94112,94.13777,96.619316
1140,86.936935,94.13471,96.63977
1141,86.94745,94.111626,96.66039
1142,86.9483,94.13771,96.64671
1143,86.95431,94.11851,96.639404
1144,86.95205,94.13611,96.647736
1145,86.96855,94.11851,96.6001
1146,86.94754,94.13673,96.605896
1147,86.95533,94.15128,96.60159
1148,86.93344,94.100525,96.62801
1149,86.94231,94.1409,96.639984
1150,86.97509,94.14564,96.641014
1151,86.9551,94.14703,96.6251
1152,86.98296,94.14703,96.62647
1153,86.97604,94.072,96.65777
1154,86.97742,94.07514,96.66412
1155,86.97284,94.08655,96.660904
1156,86.97284,94.064896,96.66078
1157,86.95244,94.093254,96.62294
1158,86.980194,94.098946,96.63694
1159,86.980865,94.115074,96.64608
1160,86.98759,94.108284,96.65203
1161,86.98054,94.124535,96.637825
1162,86.99575,94.08364,96.66061
1163,86.98054,94.07626,96.63077
1164,86.979996,94.104485,96.61922
1165,86.95174,94.06591,96.61467
1166,86.90592,94.089294,96.59752
1167,86.89323,94.05126,96.599014
1168,86.8898,94.050095,96.59259
1169,86.91575,94.07838,96.59195
1170,86.91001,94.10362,96.601036
1171,86.90677,94.22476,96.61729
1172,86.91718,94.23213,96.60513
1173,86.90768,94.275024,96.6256
1174,86.93361,94.23227,96.59976
1175,86.90636,94.232025,96.581314
1176,86.90645,94.299255,96.55851
1177,86.899734,94.261055,96.5724
1178,86.911766,94.268394,96.56386
1179,86.89777,94.27192,96.58027
1180,86.912056,94.26407,96.55038
1181,86.91628,94.2761,96.56315
1182,86.914856,94.25881,96.55437
1183,86.9119,94.23031,96.540016
1184,86.91278,94.22897,96.533485
1185,86.924614,94.21312,96.52828
1186,86.9283,94.20347,96.52992
1187,86.940155,94.20874,96.56063
1188,86.93881,94.195366,96.58454
1189,86.93597,94.19047,96.56904
1190,86.93903,94.16995,96.59036
1191,86.93031,94.1961,96.59237
1192,86.938576,94.22328,96.59408
1193,86.939835,94.26223,96.563835
1194,86.9256,94.23094,96.605484
1195,86.8989,94.22559,96.58595
1196,86.88793,94.17506,96.54912
1197,86.8894,94.19897,96.59149
1198,86.86562,94.18024,96.61515
1199,86.86766,94.19505,96.599106
1200,86.86466,94.23023,96.5875
1201,86.86466,94.21129,96.56108
1202,86.88888,94.24145,96.58595
1203,86.86479,94.237305,96.58789
1204,86.84101,94.22706,96.574036
1205,86.8885,94.253235,96.599846
1206,86.892624,94.25219,96.58279
1207,86.91637,94.25446,96.599174
1208,86.91691,94.25721,96.58317
1209,86.91691,94.23214,96.57424
1210,86.920425,94.23106,96.564186
1211,86.892624,94.23106,96.55761
1212,86.92056,94.208115,96.55761
1213,86.920494,94.19104,96.564186
1214,86.920494,94.213974,96.55761
1215,86.892624,94.227104,96.57312
1216,86.916504,94.21445,96.58842
1217,86.89411,94.22261,96.57168
1218,86.92079,94.22261,96.54359
1219,86.90306,94.21635,96.60544
1220,86.89439,94.20386,96.57852
1221,86.898094,94.19989,96.59207
1222,86.894226,94.174446,96.58207
1223,86.849174,94.17733,96.594246
1224,86.84474,94.14501,96.54586
1225,86.84563,94.11759,96.53848
1226,86.84313,94.104225,96.56063
1227,86.84313,94.16621,96.52486
1228,86.84313,94.15938,96.53848
1229,86.84474,94.131676,96.57193
1230,86.87421,94.236084,96.62439
1231,86.88957,94.272224,96.63468
1232,86.88957,94.23157,96.65754
1233,86.905815,94.25378,96.63226
1234,86.89546,94.24213,96.60194
1235,86.944664,94.2073,96.58978
1236,86.93852,94.23905,96.606766
1237,86.93122,94.20262,96.60819
1238,86.88951,94.17963,96.601036
1239,86.902794,94.18405,96.5765
1240,86.93996,94.18162,96.5882
1241,86.93455,94.17648,96.58859
1242,86.93052,94.17543,96.57433
1243,86.90449,94.13514,96.56316
1244,86.900116,94.10732,96.57254
1245,86.9223,94.11362,96.521095
1246,86.9223,94.131454,96.53528
1247,86.90991,94.14149,96.55811
1248,86.922264,94.127525,96.55728
1249,86.89834,94.0898,96.572914
1250,86.89439,94.076805,96.57226
1251,86.88957,94.09639,96.571686
1252,86.885506,94.07366,96.547005
1253,86.90456,94.08791,96.5225
1254,86.885506,94.11174,96.54684
1255,86.86355,94.07189,96.52277
1256,86.867035,94.07154,96.523125
1257,86.90644,94.137436,96.598495
1258,86.89332,94.139496,96.59714
1259,86.889755,94.127396,96.61296
1260,86.889755,94.10343,96.64972
1261,86.894066,94.097275,96.62491
1262,86.886604,94.075165,96.62477
1263,86.86896,94.04868,96.60053
1264,86.86785,94.08787,96.599785
1265,86.86423,94.017235,96.59856
1266,86.866356,94.02753,96.58179
1267,86.8891,94.02102,96.58004
1268,86.881065,94.03514,96.555885
1269,86.881485,94.03876,96.562294
1270,86.86932,94.06298,96.564316
1271,86.88162,94.075165,96.57159
1272,86.86134,94.074524,96.57159
1273,86.87785,94.0777,96.58373
1274,86.87785,94.05705,96.548454
1275,86.86593,94.046684,96.56308
1276,86.8775,94.06966,96.53027
1277,86.91675,94.06314,96.54242
1278,86.8898,94.12124,96.57068
1279,86.9482,94.13872,96.58081
1280,86.905716,94.16215,96.60145
1281,86.89465,94.15831,96.58611
1282,86.92654,94.15469,96.57503
1283,86.91059,94.14362,96.58369
1284,86.89437,94.16087,96.55438
1285,86.89437,94.1699,96.57363
1286,86.890495,94.13928,96.559135
1287,86.88843,94.11635,96.55969
1288,86.8993,94.12331,96.56636
1289,86.89398,94.1081,96.60774
1290,86.88302,94.10507,96.60531
1291,86.894554,94.15494,96.57216
1292,86.89459,94.15484,96.56775
1293,86.92243,94.12162,96.54761
1294,86.866745,94.13808,96.535416
1295,86.88318,94.13164,96.529335
1296,86.88715,94.12273,96.55799
1297,86.8431,94.12652,96.51823
1298,86.84281,94.08149,96.484245
1299,86.87098,94.109634,96.48471
1300,86.87098,94.086105,96.544655
1301,86.8524,94.08474,96.544655
1302,86.85244,94.10308,96.53305
1303,86.85244,94.111275,96.51756
1304,86.87927,94.11985,96.515175
1305,86.86174,94.13628,96.534645
1306,86.88987,94.17947,96.54733
1307,86.889145,94.14134,96.5552
1308,86.8949,94.16825,96.59512
1309,86.95115,94.19135,96.62378
1310,86.92398,94.229034,96.58928
1311,86.917496,94.2201,96.59244
1312,86.88718,94.19598,96.57911
1313,86.888214,94.166336,96.58851
1314,86.886116,94.161476,96.5653
1315,86.86397,94.10202,96.54517
1316,86.84408,94.10916,96.57865
1317,86.853,94.140236,96.594055
1318,86.859375,94.120895,96.58107
1319,86.8847,94.14069,96.582344
1320,86.8702,94.147644,96.59947
1321,86.89106,94.14225,96.54622
1322,86.88087,94.14368,96.59907
1323,86.887375,94.12977,96.59907
1324,86.91524,94.101074,96.57265
1325,86.887375,94.10565,96.57363
1326,86.901634,94.09279,96.58381
1327,86.90072,94.09984,96.58422
1328,86.884605,94.12853,96.59965
1329,86.90446,94.13719,96.59965
1330,86.88724,94.14228,96.60047
1331,86.87289,94.13557,96.56345
1332,86.876625,94.10694,96.54762
1333,86.87724,94.10021,96.57403
1334,86.86688,94.07055,96.54819
1335,86.87724,94.077065,96.55623
1336,86.89372,94.06196,96.55917
1337,86.87724,94.09539,96.533035
1338,86.87627,94.06236,96.561485
1339,86.849815,94.06142,96.53567
1340,86.88708,94.068214,96.56973
1341,86.890495,94.07106,96.59543
1342,86.89688,94.05831,96.550766
1343,86.884346,94.07471,96.579346
1344,86.87185,94.07243,96.58185
1345,86.85721,94.045654,96.57105
1346,86.85994,94.06005,96.5805
1347,86.87214,94.0451,96.586235
1348,86.86272,94.08748,96.58809
1349,86.86899,94.13922,96.636116
1350,86.83465,94.22176,96.59769

